country_iso3,sector,ggodelta,fd,pdggo
USA,Agriculture,-146580,71161.51000000001,-3.1801390312739044
USA,Mining,-10988,9196.554,-3.1230324177823907
USA,Food,-1178217,467478.16000000003,-3.097153299408817
USA,Textiles,-222239,120760.01000000001,-3.0916855907321596
USA,Leather,-49164,22686.827999999998,-3.072696261462159
USA,Wood,-12685,5448.393999999999,-3.0127388851270447
USA,Paper,-198260,91487.408,-3.0098309923466604
USA,Fuel,-469319,246426.44999999998,-2.9575398213408937
USA,Chemicals,-493501,214620.96000000002,-2.940789740265689
USA,Plastics,-75263,31134.239999999998,-2.9322732838090926
USA,Minerals,-23245,10769.087,-2.8981280810098577
USA,Metals,-96415,42689.414,-2.8903324542743105
USA,Machinery,-104412,46121.46000000001,-2.88921229998352
USA,Electricals,-202767,103812.26000000001,-2.8659465712208183
USA,Vehicles,-473570,188999.06,-2.8501767433981438
USA,Manufacturing,-179957,89917.7,-2.8327224309032797
USA,Utilities,-337123,212979.324,-2.8323214954992566
USA,Construction,-255,139.9998,-2.797568859340353
USA,Vehicle Trade,-309638,176718.82874,-2.7975006747436417
USA,Wholesale Trade,-611299,409626.766,-2.7866732945228767
USA,Retail Trade,-1560701,1026581.644,-2.775347583937957
USA,Hospitality,-1128318,607483.549,-2.6796056776932593
USA,Inland Transport,-194293,102361.8425,-2.6759345292263244
USA,Water Transport,-30269,14022.0846,-2.6749093963692325
USA,Air Transport,-179358,95929.6,-2.6730830834973096
USA,Transport Services,-26579,17020.1031,-2.66183230142016
USA,Communications,-414009,245122.59960000002,-2.6581842056093468
USA,Financial Services,-1550971,869926.3300000001,-2.652565510908874
USA,Real Estate,-2213392,1519952.009,-2.64987802603642
USA,Business Services,-466382,306976.81,-2.6454962944103078
USA,Public Services,-4792761,2783897.5483,-2.6451272155475825
USA,Education,-304953,193658.3152,-2.6402268660267283
USA,Health,-2653686,1582660.904,-2.63785045922306
USA,Other Services,-1011850,567960.132,-2.6280833174837017
USA,Private Households,-14743,14749.974089000001,-2.622312350553155
LUX,Agriculture,-744,456.344382114,-2.618109767897033
LUX,Mining,-2,2.94222936888,-2.615339360380148
LUX,Food,-3394,1552.0308558619997,-2.6103585603371586
LUX,Textiles,-844,384.91925146100004,-2.6081020130572146
LUX,Leather,-161,88.28983940410001,-2.607557459586614
LUX,Wood,-18,11.225502945713002,-2.5871419891706204
LUX,Paper,-685,313.15065159999995,-2.585185412794407
LUX,Fuel,-1109,563.1910260920001,-2.582021680095901
LUX,Chemicals,-1324,620.496051424,-2.572277099165817
LUX,Plastics,-428,208.38998471999997,-2.5691773854843705
LUX,Minerals,-137,79.195980325,-2.564248980930209
LUX,Metals,-448,189.64556412,-2.5545159090673737
LUX,Machinery,-340,155.32777166,-2.5453339131728936
LUX,Electricals,-419,196.22435101249997,-2.5452663470568746
LUX,Vehicles,-2669,1118.16524403,-2.543016860299858
LUX,Manufacturing,-644,325.0562490216,-2.5417334098176467
LUX,Utilities,-860,484.4650127714,-2.539659790989768
LUX,Construction,-239,139.512140308,-2.5346842581157505
LUX,Vehicle Trade,-756,526.4990921699999,-2.5293445012283855
LUX,Wholesale Trade,-3246,2071.9036451,-2.520368010347264
LUX,Retail Trade,-2610,1543.7026104,-2.5172475193946426
LUX,Hospitality,-2292,1343.4559846999998,-2.5128821551530036
LUX,Inland Transport,-727,529.7664795,-2.5056738377428966
LUX,Water Transport,-19,12.43403022,-2.5032708386074596
LUX,Air Transport,-120,82.91393257099998,-2.4969510751235044
LUX,Transport Services,-142,240.614753,-2.4876580017835432
LUX,Communications,-488,473.14689204,-2.4872229086283575
LUX,Financial Services,-1153,785.8607128736901,-2.474133289319408
LUX,Real Estate,-3796,3360.274329572,-2.47355050939698
LUX,Business Services,-363,330.00574009999997,-2.469515313683952
LUX,Public Services,-5034,3556.9261665000004,-2.4681654332867096
LUX,Education,-2393,2176.4021490000005,-2.465921176273172
LUX,Health,-4772,3410.6387910000003,-2.4651059568435145
LUX,Other Services,-1128,864.8626800000001,-2.456421192758397
LUX,Private Households,-194,194.15095846998,-2.453627313389023
SWE,Agriculture,-6818,4324.545617,-2.4528589657007247
SWE,Mining,-173,159.505582,-2.452568289017381
SWE,Food,-39226,18293.194649999998,-2.4508252060070075
SWE,Textiles,-5826,3052.311096,-2.446504538913526
SWE,Leather,-1139,564.01752351,-2.446477424502206
SWE,Wood,-1604,696.505218,-2.446191351062005
SWE,Paper,-7859,3585.53349,-2.4460959460913703
SWE,Fuel,-9819,5012.696917,-2.4372097204928305
SWE,Chemicals,-12364,6358.7133,-2.435440938387623
SWE,Plastics,-2371,1131.7646799999998,-2.43306741911007
SWE,Minerals,-1634,786.584401,-2.428708415446109
SWE,Metals,-2834,1272.5762699999998,-2.4225806781192505
SWE,Machinery,-4795,2162.8113,-2.419745872532074
SWE,Electricals,-9042,4302.64109,-2.418830821356499
SWE,Vehicles,-24082,9461.48525,-2.417370714685825
SWE,Manufacturing,-7254,3424.26352,-2.4126137122220594
SWE,Utilities,-13000,8690.65971,-2.4121619348937373
SWE,Construction,-594,328.19503,-2.409012409300078
SWE,Vehicle Trade,-6192,3665.1211679999997,-2.406639532744122
SWE,Wholesale Trade,-20756,12863.15044,-2.406185001685355
SWE,Retail Trade,-12571,7927.82724,-2.404739748753496
SWE,Hospitality,-19234,9780.3243073,-2.4024332883120283
SWE,Inland Transport,-8341,5253.818799999999,-2.401492861776209
SWE,Water Transport,-675,387.90873,-2.401270307249221
SWE,Air Transport,-3229,2075.592975,-2.400103370501496
SWE,Transport Services,-16489,8074.151500000001,-2.39997510379546
SWE,Communications,-11536,6908.6807100000005,-2.3995418859822095
SWE,Financial Services,-15581,10763.7916296,-2.3993177905141607
SWE,Real Estate,-66920,39285.1889724,-2.3982407025711114
SWE,Business Services,-12456,8385.6674,-2.3982108564322204
SWE,Public Services,-52070,29708.640771399998,-2.395231613331059
SWE,Education,-49104,31993.331188,-2.3950321020656387
SWE,Health,-89781,62063.002477999995,-2.389404102641366
SWE,Other Services,-37439,21937.382100000003,-2.388997658930617
SWE,Private Households,-155,156.224192181,-2.3887711767919866
DEU,Agriculture,-56247,30902.150417000004,-2.3876306623057313
DEU,Mining,-14824,20544.45858064,-2.3869459494024405
DEU,Food,-349742,155913.99529294,-2.3846792318238506
DEU,Textiles,-67705,34240.00366346,-2.3841987634510935
DEU,Leather,-15058,7672.9385431480005,-2.383510500870427
DEU,Wood,-5515,2518.79096547,-2.3829179322733927
DEU,Paper,-80186,39225.424199700006,-2.3790668640507424
DEU,Fuel,-106241,55278.68490429999,-2.3781486260661553
DEU,Chemicals,-126676,63450.785940999995,-2.3780447918260075
DEU,Plastics,-24204,11710.416947429998,-2.377221985066883
DEU,Minerals,-16049,8060.165412680001,-2.3769042736996484
DEU,Metals,-32473,15388.491036469999,-2.375198942524098
DEU,Machinery,-53136,25045.571891300002,-2.371265234660194
DEU,Electricals,-79799,40531.592149000004,-2.3697906687598658
DEU,Vehicles,-244241,98741.06029860002,-2.3674302847746667
DEU,Manufacturing,-68373,33030.448557719996,-2.3654841041106964
DEU,Utilities,-107274,61210.21697590001,-2.364623611128758
DEU,Construction,-14486,7327.717941860001,-2.364360177850837
DEU,Vehicle Trade,-61303,40298.20801839999,-2.363056167424732
DEU,Wholesale Trade,-160844,103449.92431809999,-2.3623014968940894
DEU,Retail Trade,-158602,97007.25344319998,-2.3561356768255983
DEU,Hospitality,-149810,91038.7239581,-2.3521186411463124
DEU,Inland Transport,-43552,26964.837809999997,-2.34846251962331
DEU,Water Transport,-9457,4701.984616400001,-2.345743950502175
DEU,Air Transport,-37041,17828.56922,-2.3448736218345148
DEU,Transport Services,-31291,17452.656601000002,-2.341427067644673
DEU,Communications,-89501,54762.1895,-2.341221525301351
DEU,Financial Services,-219864,114647.43557416002,-2.340807724420853
DEU,Real Estate,-405662,316398.15231592004,-2.3407845327947743
DEU,Business Services,-52566,36678.64788,-2.3407664876657788
DEU,Public Services,-370968,245159.984135,-2.339862007958573
DEU,Education,-205430,152452.341221,-2.3384551592444924
DEU,Health,-482145,327304.98401237,-2.3383040221158735
DEU,Other Services,-211191,133216.8144,-2.3374506052492023
DEU,Private Households,-10661,10663.64613484,-2.33507602046135
IDN,Agriculture,-52151,37166.33841633,-2.3286121613873347
IDN,Mining,-52,47.105432282421006,-2.3282090098476727
IDN,Food,-104996,52973.7390002033,-2.3254836077954377
IDN,Textiles,-20815,9632.677200008735,-2.3250153516554137
IDN,Leather,-3978,1935.7378000000006,-2.3239740276073797
IDN,Wood,-34,18.54606002400953,-2.3235264927074595
IDN,Paper,-2981,1481.306969041,-2.3234940148571317
IDN,Fuel,-3961,3199.8450001137417,-2.320686249833213
IDN,Chemicals,-19269,10416.23401206748,-2.318195512126429
IDN,Plastics,-6263,3004.8315058402504,-2.3168055584779403
IDN,Minerals,-1045,597.5947000834781,-2.3138570833813263
IDN,Metals,-299,165.819248332066,-2.311646603756761
IDN,Machinery,-2694,1370.05094115437,-2.3094209802201333
IDN,Electricals,-23043,12781.78503667765,-2.306920228271357
IDN,Vehicles,-40011,18907.749300495012,-2.3060889794765345
IDN,Manufacturing,-7533,3948.6881200000003,-2.3043483711544965
IDN,Utilities,-9153,4565.6664673682,-2.3036018108833454
IDN,Construction,-26,13.60197303,-2.3029260349346012
IDN,Vehicle Trade,0,16.242932881869997,-2.3008477636877243
IDN,Wholesale Trade,-43688,26295.746116626102,-2.3002412772236798
IDN,Retail Trade,-29355,17527.5662011622,-2.299407289949686
IDN,Hospitality,-26950,15790.296008390862,-2.299343085494594
IDN,Inland Transport,-20161,10716.04420455532,-2.295958158653301
IDN,Water Transport,-8743,4801.5714000000025,-2.295052018793012
IDN,Air Transport,-2214,1530.7540136525,-2.2940739417714986
IDN,Transport Services,-1992,1745.3410683999998,-2.2906442179947213
IDN,Communications,-11312,7497.683977125401,-2.288164260466885
IDN,Financial Services,-13822,10466.58122438,-2.286794063340042
IDN,Real Estate,-3403,2248.86244901565,-2.2860659359258366
IDN,Business Services,-18623,10863.854555,-2.28598567745429
IDN,Public Services,-46576,26677.09505,-2.2857210150961644
IDN,Education,-29289,15551.51153,-2.2842386610213827
IDN,Health,-4486,2557.077847,-2.2826796565541745
IDN,Other Services,-42959,23662.70765336,-2.2826520616172785
IDN,Private Households,0,0.009338508,-2.280675749959963
BGR,Agriculture,-3265,1598.1195051829998,-2.2799636278187863
BGR,Mining,-191,150.8246350367223,-2.2792338379815003
BGR,Food,-11575,5260.928943111516,-2.279043202023126
BGR,Textiles,-1815,826.2259001336995,-2.27711471987634
BGR,Leather,-549,261.05042144159523,-2.276099008864603
BGR,Wood,-76,42.12750892998099,-2.2741354481603433
BGR,Paper,-631,282.77905597029996,-2.274046200913534
BGR,Fuel,-2052,1050.1938960065047,-2.2711904349308654
BGR,Chemicals,-1932,993.0856767889901,-2.269497765479237
BGR,Plastics,-257,115.67186611279331,-2.2693325870861663
BGR,Minerals,-157,80.11022034390601,-2.2691689584230326
BGR,Metals,-602,267.81756718431495,-2.2677257442626213
BGR,Machinery,-614,270.003309410927,-2.2670313622809917
BGR,Electricals,-1021,487.02635998663607,-2.267017104831168
BGR,Vehicles,-990,411.3619786138776,-2.266337623981042
BGR,Manufacturing,-795,394.475386085494,-2.2661205932238677
BGR,Utilities,-2002,966.7473363367999,-2.2643466951817093
BGR,Construction,-805,344.39230424472504,-2.2641374727885815
BGR,Vehicle Trade,-635,322.94674264947,-2.2641097703830666
BGR,Wholesale Trade,-1836,1002.4855723077,-2.264001251021013
BGR,Retail Trade,-1365,666.6381549769,-2.2638485425222874
BGR,Hospitality,-2968,1583.5320341819997,-2.26358793200582
BGR,Inland Transport,-1938,1144.3037489849999,-2.263044508023204
BGR,Water Transport,-7,4.992800925841,-2.2626633429295473
BGR,Air Transport,-165,114.1091882305,-2.2606499222635654
BGR,Transport Services,-258,153.1141184572,-2.258974355752492
BGR,Communications,-2953,1430.5421094339997,-2.258522452428136
BGR,Financial Services,-639,459.921788835374,-2.2581860159643923
BGR,Real Estate,-11041,6604.023058648921,-2.256460666562927
BGR,Business Services,-217,188.09117727100002,-2.256267057131731
BGR,Public Services,-6670,3899.84294586,-2.255398278716021
BGR,Education,-3030,1960.3652390861,-2.254100871554555
BGR,Health,-3476,1831.98957764796,-2.2528274292220303
BGR,Other Services,-3629,1655.4481787000002,-2.252328610448022
BGR,Private Households,0,0.0040945989,-2.2517621415184985
GBR,Agriculture,-112590,66367.750264,-2.25036658283288
GBR,Mining,-2419,2365.963938429,-2.249635899820739
GBR,Food,-177195,86706.59916607001,-2.2488712619641507
GBR,Textiles,-55037,29161.52442118,-2.2484435408680126
GBR,Leather,-9730,4770.85148123617,-2.2477987770895442
GBR,Wood,-6981,3363.04836555,-2.247041062601283
GBR,Paper,-47355,24390.710895,-2.247003410119847
GBR,Fuel,-35021,20873.1916655588,-2.246429185368152
GBR,Chemicals,-47051,23271.91394552,-2.2459656260572864
GBR,Plastics,-16964,8245.344202479999,-2.2434722534237945
GBR,Minerals,-9617,4977.732850065,-2.2431725859047162
GBR,Metals,-18555,9450.385153779998,-2.2431388542283446
GBR,Machinery,-31979,15226.24023268,-2.2428201582318708
GBR,Electricals,-45989,22985.47850377,-2.242574046383386
GBR,Vehicles,-124968,52017.261252571,-2.239586382564853
GBR,Manufacturing,-46649,24021.558655219997,-2.236005410364442
GBR,Utilities,-146121,76052.6343094,-2.2359688228263734
GBR,Construction,-30114,14620.147521780002,-2.2352178538660548
GBR,Vehicle Trade,-87497,49540.944386610005,-2.234714241963508
GBR,Wholesale Trade,-143558,84282.14852890001,-2.2337430885438136
GBR,Retail Trade,-210207,121859.49378399999,-2.2331563654887243
GBR,Hospitality,-254299,148662.552309,-2.2315738441800694
GBR,Inland Transport,-59564,34507.128505,-2.2315028713880536
GBR,Water Transport,-4589,2894.7460528299994,-2.2314240983472033
GBR,Air Transport,-55991,41167.178989,-2.2310527996103575
GBR,Transport Services,-9602,5360.0160015,-2.228449827951952
GBR,Communications,-62280,35865.17113,-2.2278445546738026
GBR,Financial Services,-255499,154286.117279307,-2.2273742808734998
GBR,Real Estate,-350682,225062.46197919,-2.2269785055790807
GBR,Business Services,-37573,26473.281,-2.2264685326312508
GBR,Public Services,-373179,205908.27409,-2.226292496286653
GBR,Education,-201698,142865.22123,-2.226227320978573
GBR,Health,-658385,324259.52888,-2.224701011321998
GBR,Other Services,-204077,124565.1991,-2.222273771203596
GBR,Private Households,-11060,11215.924410819998,-2.221802142877124
CAN,Agriculture,-27641,12707.078691379998,-2.2216794617342024
CAN,Mining,-6419,5023.2349222144,-2.221673054953042
CAN,Food,-143713,62645.321662572,-2.2215169147016236
CAN,Textiles,-31150,15767.880236784002,-2.2214710191802474
CAN,Leather,-6454,3111.246691294255,-2.221225153999918
CAN,Wood,-2673,1159.10531804664,-2.2211080526621676
CAN,Paper,-20130,9874.252018,-2.217021891831248
CAN,Fuel,-40838,19062.101456423,-2.216590888024402
CAN,Chemicals,-29392,13508.182231592,-2.216354514027704
CAN,Plastics,-9565,4217.882177419199,-2.215448082801166
CAN,Minerals,-3816,1897.89239791464,-2.214650062971825
CAN,Metals,-8635,4114.644884382,-2.2127384549413063
CAN,Machinery,-16836,7644.613233319,-2.211955528857927
CAN,Electricals,-28975,14017.009596836,-2.210886073201329
CAN,Vehicles,-124291,47665.6802108224,-2.209272307153771
CAN,Manufacturing,-24886,12224.81732494,-2.2082771244760795
CAN,Utilities,-23474,16477.381953813998,-2.205843241994975
CAN,Construction,-417,211.372535784,-2.2053245009327878
CAN,Vehicle Trade,-4783,3129.10805054,-2.204951357964813
CAN,Wholesale Trade,-49103,29039.99275914,-2.2041129883510906
CAN,Retail Trade,-74280,47640.72140554,-2.203080976894854
CAN,Hospitality,-82745,50951.414868959,-2.2026931952828694
CAN,Inland Transport,-34002,19966.6005266,-2.202416966050669
CAN,Water Transport,-2392,1278.458101018573,-2.20233509350354
CAN,Air Transport,-15586,8445.521130764,-2.201263193974249
CAN,Transport Services,-8666,5177.567433,-2.2005935496078113
CAN,Communications,-26988,18868.5075496122,-2.2001817787628397
CAN,Financial Services,-145463,97018.840445167,-2.1991159653721435
CAN,Real Estate,-163896,120122.65566448601,-2.198820901997718
CAN,Business Services,-24748,16159.197429999998,-2.198789119137686
CAN,Public Services,-335701,184989.64998,-2.1982942996313235
CAN,Education,-103776,78279.30185,-2.1967357834053587
CAN,Health,-112905,76152.3576,-2.1967259909738672
CAN,Other Services,-113646,68996.1877514,-2.193875365453358
CAN,Private Households,-1860,1859.8570033,-2.1926676745746345
KOR,Agriculture,-25003,12711.9791166,-2.192155602750309
KOR,Mining,-277,97.186955385,-2.1918635042508
KOR,Food,-98516,37628.674400131,-2.1902747036358257
KOR,Textiles,-37807,14455.867782491,-2.18957540231141
KOR,Leather,-8340,3477.5491847248,-2.189542552599602
KOR,Wood,-263,112.159562695,-2.189291321712225
KOR,Paper,-9954,3855.1186757,-2.189063916042714
KOR,Fuel,-41351,14597.61801893674,-2.18891957546544
KOR,Chemicals,-15999,5537.4954620299995,-2.188741751209232
KOR,Plastics,-3499,1207.3310434163998,-2.1887157561741266
KOR,Minerals,-946,362.40232065199996,-2.1881817504032535
KOR,Metals,-4021,1287.53066318,-2.1874455521650273
KOR,Machinery,-13271,4781.743402810001,-2.1868121933149123
KOR,Electricals,-34656,12933.246219210001,-2.1863565375038267
KOR,Vehicles,-35542,11475.6993161379,-2.1855330265471835
KOR,Manufacturing,-7970,2979.5401709000002,-2.1851007961998685
KOR,Utilities,-34317,11401.63686508,-2.184205471926541
KOR,Construction,-33,14.562331810000002,-2.1836915980592733
KOR,Vehicle Trade,-11188,5526.8226844,-2.18303017969963
KOR,Wholesale Trade,-14559,9116.9005321,-2.181103943871603
KOR,Retail Trade,-84216,47369.4525544,-2.181092440591315
KOR,Hospitality,-91722,37495.840200800005,-2.18090684846603
KOR,Inland Transport,-36797,16262.69330565,-2.1804058045367656
KOR,Water Transport,-894,476.0975313999999,-2.179584100110153
KOR,Air Transport,-4779,2248.042233991,-2.1793390386083265
KOR,Transport Services,-3314,1705.1350448000003,-2.178726805805846
KOR,Communications,-36030,17705.527277,-2.1779527055624803
KOR,Financial Services,-59248,35006.536919497,-2.176559327817158
KOR,Real Estate,-72938,48123.47712833,-2.1758664116375352
KOR,Business Services,-5645,3445.9766999999997,-2.1754993307353736
KOR,Public Services,-128535,77626.82920000001,-2.1752442611967617
KOR,Education,-95950,70512.1177,-2.174770114191742
KOR,Health,-122812,60834.02178,-2.173099143043141
KOR,Other Services,-87658,47189.826689999994,-2.171845473503896
KOR,Private Households,0,0.04409775,-2.171330846239748
CYP,Agriculture,-808,474.753959423,-2.170800934357273
CYP,Mining,-4,2.5493386821902,-2.1707598066660023
CYP,Food,-3525,1677.8701565934941,-2.168660485750456
CYP,Textiles,-907,454.31573702332435,-2.1682153919753424
CYP,Leather,-194,87.3213275548612,-2.1673508550343343
CYP,Wood,-76,40.56876599121,-2.1671093914900625
CYP,Paper,-542,271.579229362,-2.1671046732245673
CYP,Fuel,-89,78.33266692423537,-2.167074183586008
CYP,Chemicals,-878,431.77067421105,-2.167072452790668
CYP,Plastics,-222,111.649415228298,-2.165335015847717
CYP,Minerals,-209,102.87642142917501,-2.163986189784143
CYP,Metals,-351,154.21121780422502,-2.1632623594835234
CYP,Machinery,-306,134.97913154157203,-2.1631606013203157
CYP,Electricals,-176,66.968957501893,-2.1630689376818926
CYP,Vehicles,-1908,682.0373690079077,-2.1618646387845915
CYP,Manufacturing,-502,249.40802077815002,-2.161540161041677
CYP,Utilities,-814,476.28998722570003,-2.1608738222828774
CYP,Construction,-147,89.53631361296,-2.158811861242581
CYP,Vehicle Trade,-531,309.89922636346,-2.1586661943260563
CYP,Wholesale Trade,-1222,796.26733950548,-2.158493101597192
CYP,Retail Trade,-1283,876.9932511966999,-2.158133623063163
CYP,Hospitality,-5116,2759.586391654,-2.1552285556128887
CYP,Inland Transport,-322,225.248110671,-2.153793602267243
CYP,Water Transport,0,0.4998416530899999,-2.1534654084365905
CYP,Air Transport,-385,229.05360470847,-2.153403697676217
CYP,Transport Services,-270,321.5729291134,-2.1533121897216776
CYP,Communications,-425,306.65385273000004,-2.1524240345074777
CYP,Financial Services,-1333,1221.510698315813,-2.1506697373929504
CYP,Real Estate,-4804,3255.2868496373,-2.1495210510102796
CYP,Business Services,-261,195.66389692,-2.148816846041734
CYP,Public Services,-4505,3088.1027852499997,-2.146739598680897
CYP,Education,-1747,1481.2239284672003,-2.1446923416686303
CYP,Health,-2028,1277.4784515444999,-2.1444784336525813
CYP,Other Services,-1846,1220.1079340000001,-2.1442946817383812
CYP,Private Households,-198,198.267249012,-2.143728265690047
BEL,Agriculture,-8824,5027.2552147999995,-2.143199969430424
BEL,Mining,-221,265.660398363,-2.142366102360639
BEL,Food,-51977,21973.09206588,-2.1407290080968386
BEL,Textiles,-9894,4549.446369267001,-2.1398024978129886
BEL,Leather,-1583,746.637548712,-2.139360420294214
BEL,Wood,-832,366.60093376400005,-2.136780826727194
BEL,Paper,-8698,3983.1631938,-2.1353109226148423
BEL,Fuel,-18943,9277.986020859998,-2.1349973426902347
BEL,Chemicals,-18115,8222.575652,-2.134770792079797
BEL,Plastics,-1960,866.08990369,-2.134725515739807
BEL,Minerals,-2058,961.7710055500002,-2.1345426528299516
BEL,Metals,-2464,1033.4708824499999,-2.133776672650055
BEL,Machinery,-5081,2321.42508233,-2.132711280160071
BEL,Electricals,-6916,3366.8908459999993,-2.131573050530776
BEL,Vehicles,-18766,7074.660332731999,-2.130318160490494
BEL,Manufacturing,-8640,4112.232941799999,-2.1280858372605524
BEL,Utilities,-13672,9458.52955497,-2.127937853453975
BEL,Construction,-3232,1360.7281234999998,-2.127155723444508
BEL,Vehicle Trade,-13812,6705.31448248,-2.1258497406055104
BEL,Wholesale Trade,-28224,15551.5759956,-2.1247566118712684
BEL,Retail Trade,-17287,9698.684919739999,-2.1246022292990085
BEL,Hospitality,-21940,12801.51111619,-2.1228233461590857
BEL,Inland Transport,-8149,4571.841727951,-2.12163078219204
BEL,Water Transport,-99,53.708422638500004,-2.121572636896252
BEL,Air Transport,-1312,693.8605320466199,-2.121292749115042
BEL,Transport Services,-19756,11670.180480916,-2.1207198151321798
BEL,Communications,-10627,7051.81492333,-2.120271260488622
BEL,Financial Services,-34017,18824.568695055004,-2.120171966613227
BEL,Real Estate,-59942,41425.0381456038,-2.118411727845058
BEL,Business Services,-12564,7509.359224,-2.1182574994242835
BEL,Public Services,-59709,41590.65816150001,-2.117656406569942
BEL,Education,-37397,31326.2387558,-2.116116485580465
BEL,Health,-80796,48025.99501169999,-2.115297540199577
BEL,Other Services,-25054,13679.95502,-2.115063975907604
BEL,Private Households,-756,756.60203416,-2.1148204026379496
HUN,Agriculture,-7141,3393.8253613,-2.1136421671771912
HUN,Mining,-173,106.33952286028,-2.1134552074462083
HUN,Food,-25617,10444.969102272551,-2.1133042623199847
HUN,Textiles,-3328,1605.5650607815398,-2.1107614491708873
HUN,Leather,-1212,591.7208303137434,-2.1102134005888242
HUN,Wood,-106,49.458753971600004,-2.1078411404442727
HUN,Paper,-3048,1370.0717464900004,-2.1060962059190564
HUN,Fuel,-7248,3456.431350923436,-2.1052346295032445
HUN,Chemicals,-8571,4113.09091969114,-2.1041153388236364
HUN,Plastics,-877,394.74755209584004,-2.103041998431815
HUN,Minerals,-559,257.8157142823,-2.102153846897658
HUN,Metals,-1435,616.2468889388,-2.101499941748569
HUN,Machinery,-2565,1135.86745372904,-2.1014601750389525
HUN,Electricals,-4797,2125.89568747363,-2.101048292322204
HUN,Vehicles,-11023,4263.910799374695,-2.1008777026922347
HUN,Manufacturing,-2925,1341.06400945199,-2.1002558419749375
HUN,Utilities,-12014,5590.983718380001,-2.0986015179040014
HUN,Construction,-1001,478.42172918129995,-2.0976659736337795
HUN,Vehicle Trade,-2424,1274.7338986835,-2.0969604959935313
HUN,Wholesale Trade,-6110,3453.5977941819997,-2.0969236180189217
HUN,Retail Trade,-6489,3609.51042927,-2.0968774212523345
HUN,Hospitality,-9265,4606.40790409,-2.096395768040186
HUN,Inland Transport,-4518,2510.3600764999996,-2.0949584678680737
HUN,Water Transport,-33,33.397155974,-2.0934245814332173
HUN,Air Transport,-1137,610.121542181,-2.0926888324723407
HUN,Transport Services,-1433,987.80297017,-2.092296271143376
HUN,Communications,-3624,2654.26688276,-2.092187848548389
HUN,Financial Services,-4993,3010.0423518385,-2.0913531405557677
HUN,Real Estate,-14954,9175.966675255,-2.08890153994227
HUN,Business Services,-2035,1448.4754891999999,-2.0879281237454386
HUN,Public Services,-20708,14397.172749199999,-2.0864151469152077
HUN,Education,-10162,7347.350616,-2.0852861311116166
HUN,Health,-14621,8532.2565886,-2.0845782550147236
HUN,Other Services,-11155,6704.08337,-2.084311422175023
HUN,Private Households,0,0.008670792,-2.084309881544808
PRT,Agriculture,-9226,5044.44012286,-2.0838343152024494
PRT,Mining,-28,43.15817138999999,-2.080574794536912
PRT,Food,-35162,15058.1821285,-2.0798950594540617
PRT,Textiles,-12377,5758.02688426,-2.0788054332214263
PRT,Leather,-3605,1646.437933215,-2.0776204496795843
PRT,Wood,-680,302.431432073,-2.0773358814676013
PRT,Paper,-4359,1968.2567791999995,-2.0757953027114175
PRT,Fuel,-5916,3700.8157862,-2.0744095985892987
PRT,Chemicals,-12375,5720.52666,-2.0741998973421047
PRT,Plastics,-2124,914.1277307,-2.072790496811155
PRT,Minerals,-1040,517.3534919499999,-2.070861666488765
PRT,Metals,-1796,747.8681401000001,-2.0699991367213695
PRT,Machinery,-2851,1257.97673296,-2.0695862105615275
PRT,Electricals,-4979,2199.20373178,-2.0693646294979025
PRT,Vehicles,-15167,5983.782773509999,-2.0676158854314997
PRT,Manufacturing,-7348,3193.6054683699995,-2.0671313520781496
PRT,Utilities,-11315,5360.624718840001,-2.0668777302000234
PRT,Construction,-800,353.335435509,-2.0656515632255994
PRT,Vehicle Trade,-10165,6361.029132904,-2.0656290988377606
PRT,Wholesale Trade,-16355,9628.7687248,-2.064489412851975
PRT,Retail Trade,-11611,7201.8972078,-2.0642524120931802
PRT,Hospitality,-29126,16279.032113100002,-2.062439055396465
PRT,Inland Transport,-4042,2271.1993923,-2.061188619830257
PRT,Water Transport,-87,47.40361031,-2.0605442593923766
PRT,Air Transport,-1728,969.2538022159999,-2.0603586152570346
PRT,Transport Services,-2968,1942.930998304,-2.0598586443765945
PRT,Communications,-10013,5678.025930500002,-2.0598213837789556
PRT,Financial Services,-13581,9777.2954961531,-2.059760337926715
PRT,Real Estate,-21400,16116.987673567999,-2.059349111181291
PRT,Business Services,-5661,3219.5664829999996,-2.0576142181361603
PRT,Public Services,-33286,23051.395688599998,-2.057403497466806
PRT,Education,-19380,15786.35643645,-2.055377908134759
PRT,Health,-35364,20838.217868999996,-2.0550303868633444
PRT,Other Services,-17043,9157.33002,-2.0541206461196935
PRT,Private Households,-1969,1973.6279767875849,-2.053841505747388
POL,Agriculture,-34057,16339.6887997,-2.0520798295167184
POL,Mining,-3389,2127.41662374,-2.0517749290502976
POL,Food,-96675,38861.853169,-2.0512538506418503
POL,Textiles,-11979,5441.875389000001,-2.0501807903901725
POL,Leather,-4717,2102.8568923000003,-2.0495094858664014
POL,Wood,-2372,988.6143508700001,-2.04923836049944
POL,Paper,-10353,4519.6892292,-2.0491472660858445
POL,Fuel,-11683,5201.7715073,-2.0489276320504173
POL,Chemicals,-27849,12782.235903,-2.0482631976254257
POL,Plastics,-2850,1193.6519517000002,-2.0475875702723605
POL,Minerals,-4850,2177.4517384200003,-2.0475493321908016
POL,Metals,-3904,1656.9504203,-2.0460770829928094
POL,Machinery,-6624,2906.2397589999996,-2.0451385466677148
POL,Electricals,-10367,4467.213093,-2.0443579380559864
POL,Vehicles,-14302,5727.785435,-2.044235381414008
POL,Manufacturing,-8159,3399.6185989999994,-2.04361607656433
POL,Utilities,-25413,12190.9551435,-2.0433734146053353
POL,Construction,-31851,13699.264384350001,-2.043176268875857
POL,Vehicle Trade,-16104,8942.81923028,-2.0430261875979836
POL,Wholesale Trade,-28819,16405.6054682,-2.0423774369204253
POL,Retail Trade,-37185,20365.301450500003,-2.042196012794657
POL,Hospitality,-15959,8242.7846475,-2.0417146520171334
POL,Inland Transport,-20106,10607.7677311,-2.040533974118
POL,Water Transport,-372,233.18757727,-2.0394682245440325
POL,Air Transport,-775,467.53763342,-2.038655354128105
POL,Transport Services,-8705,3900.83439215,-2.0386354291246125
POL,Communications,-19572,10909.338590799998,-2.0376599182742874
POL,Financial Services,-38020,23100.136689918894,-2.037042033652195
POL,Real Estate,-78961,42835.379378699996,-2.0356950405491756
POL,Business Services,-11121,6704.252965,-2.0351671203727437
POL,Public Services,-57266,36348.91574610001,-2.0349577528145137
POL,Education,-36591,26724.396549000005,-2.0334868772741905
POL,Health,-42274,25244.792916,-2.032997991169899
POL,Other Services,-41000,21624.25311,-2.0315636673257096
POL,Private Households,-2563,2563.2163965179448,-2.0305643808750595
NLD,Agriculture,-12331,7016.694485,-2.03042606727419
NLD,Mining,-162,171.95328462030002,-2.030392534924484
NLD,Food,-61945,28441.848090545205,-2.0277213648916654
NLD,Textiles,-11380,5436.068775025529,-2.027578795780842
NLD,Leather,-1952,947.026381389953,-2.0266034044504377
NLD,Wood,-2752,1414.6715840069996,-2.0253831112116925
NLD,Paper,-16811,8216.2104936,-2.0243095606412758
NLD,Fuel,-17999,9552.3819038583,-2.021793667522101
NLD,Chemicals,-25257,11718.9427238345,-2.0217933131820316
NLD,Plastics,-4039,1838.6453370132901,-2.0212343635180923
NLD,Minerals,-2666,1290.6479684567,-2.02055062022409
NLD,Metals,-5128,2459.1349472345,-2.019777791421802
NLD,Machinery,-6735,3157.952069112,-2.0194408019661565
NLD,Electricals,-10438,5021.152933887,-2.0188045505874492
NLD,Vehicles,-23766,10163.7767267298,-2.0184997520286916
NLD,Manufacturing,-16455,8721.120252114,-2.0164383472016554
NLD,Utilities,-34417,16911.14191826,-2.0157092170096753
NLD,Construction,-4669,2231.6351771374,-2.015536241517065
NLD,Vehicle Trade,-16834,9325.557280854,-2.015532953273033
NLD,Wholesale Trade,-51693,32705.658992368,-2.015334867630248
NLD,Retail Trade,-24900,15299.769592089999,-2.012847327080362
NLD,Hospitality,-34167,18586.493093900004,-2.012766062750372
NLD,Inland Transport,-15898,10616.0850345,-2.0124120538836747
NLD,Water Transport,-1468,768.74332698,-2.011328608518075
NLD,Air Transport,-4296,2065.48882381,-2.0112783795623304
NLD,Transport Services,-14424,9376.4484561,-2.0106513963557324
NLD,Communications,-22135,14786.630466999999,-2.0102309468909736
NLD,Financial Services,-61995,40434.6577318806,-2.00882726990009
NLD,Real Estate,-80755,53545.363135285996,-2.0071012216977344
NLD,Business Services,-22374,16327.1088653,-2.00570198095074
NLD,Public Services,-137776,81041.404168,-2.0047456522324745
NLD,Education,-51715,38085.04519091,-2.004037714117341
NLD,Health,-127103,88648.28359696499,-2.0035577402536506
NLD,Other Services,-41731,26282.149300000005,-2.003308228934079
NLD,Private Households,-3157,3177.717272845744,-2.0031589099859675
ROU,Agriculture,-22247,13312.324428445003,-2.0016831997551523
ROU,Mining,-43,56.835375519,-2.0013523477580053
ROU,Food,-34031,20265.421978172202,-2.0012827574353316
ROU,Textiles,-2929,3081.968969415886,-2.0008269690008724
ROU,Leather,-926,979.5412341620362,-2.0007849735413186
ROU,Wood,-535,354.83176978209997,-1.9985799506178235
ROU,Paper,-1442,1043.3510392970002,-1.996444931632372
ROU,Fuel,-7273,5645.3198200646,-1.996408942253821
ROU,Chemicals,-1942,2397.5945619448,-1.9957343618408467
ROU,Plastics,-369,331.15240224084,-1.9951455301193228
ROU,Minerals,-2099,1423.1016399124,-1.994069086720392
ROU,Metals,-988,900.10215005797,-1.9940627639834647
ROU,Machinery,-842,1153.8352097114198,-1.9926865568875258
ROU,Electricals,-1139,1724.036327608,-1.9915967746764138
ROU,Vehicles,-4101,4373.66576204895,-1.9911502032889068
ROU,Manufacturing,-2714,2104.6940865960005,-1.988366885272617
ROU,Utilities,-9482,4752.535520269999,-1.9872102714302224
ROU,Construction,-3522,2004.811330456,-1.9866632890085643
ROU,Vehicle Trade,-2473,1389.2957867713098,-1.9857667590295622
ROU,Wholesale Trade,-9026,6710.276272479,-1.9852896545962908
ROU,Retail Trade,-8319,5437.55191178667,-1.9842677976965613
ROU,Hospitality,-9679,6222.79351535378,-1.9841619609907801
ROU,Inland Transport,-13635,9104.524691824,-1.9820386852360385
ROU,Water Transport,-58,60.8076614776,-1.9819487201570885
ROU,Air Transport,-792,605.18281,-1.9811955682698046
ROU,Transport Services,-1579,1013.7655905227,-1.9795147716983725
ROU,Communications,-2603,1933.9098385596917,-1.9789430687662504
ROU,Financial Services,-2776,1843.0471582248001,-1.9788017854766655
ROU,Real Estate,-27503,17540.1911275173,-1.9782945060778
ROU,Business Services,-1483,932.83658873,-1.9773654426402103
ROU,Public Services,-14864,11443.062027,-1.977348706909865
ROU,Education,-13462,9635.6323626815,-1.9768774009774464
ROU,Health,-18214,11440.2082354183,-1.9755350454357152
ROU,Other Services,-12711,7375.45751,-1.9746407766231397
ROU,Private Households,0,0.008532959500000001,-1.974497108360592
SVN,Agriculture,-2270,1311.6237744,-1.9744407338293966
SVN,Mining,-52,41.0152448427,-1.974226722822668
SVN,Food,-5177,2371.4743149874,-1.9732479202036604
SVN,Textiles,-1586,710.73177647917,-1.9728201606386988
SVN,Leather,-504,259.529505064104,-1.9718848043201558
SVN,Wood,-92,48.822881177060005,-1.9702786408060013
SVN,Paper,-855,386.53580003999997,-1.969828084939206
SVN,Fuel,-1846,1395.5292830279002,-1.9691364894348284
SVN,Chemicals,-2268,1109.9292883959,-1.9688099028196897
SVN,Plastics,-234,102.2653854196,-1.9668849178134435
SVN,Minerals,-145,79.2270595487,-1.9666014536597534
SVN,Metals,-551,240.08170424379998,-1.966350242225376
SVN,Machinery,-984,446.0879092705,-1.966268477552771
SVN,Electricals,-1123,511.87957970800005,-1.963412040680512
SVN,Vehicles,-3369,1354.5227443478,-1.9625121373429777
SVN,Manufacturing,-1102,532.5306059123,-1.962481507615739
SVN,Utilities,-1769,1027.907198506,-1.959799877294221
SVN,Construction,-405,184.0412556295,-1.9588257903046085
SVN,Vehicle Trade,-1348,726.4391473133,-1.9567168408444577
SVN,Wholesale Trade,-3082,1744.221197465,-1.9547530747033381
SVN,Retail Trade,-2211,1303.783418153,-1.953924896919502
SVN,Hospitality,-2750,1657.6418780999998,-1.9532086094648164
SVN,Inland Transport,-915,496.24194687799996,-1.952793365912874
SVN,Water Transport,-19,17.1411206718,-1.9521306937254161
SVN,Air Transport,-109,79.156167563,-1.9519458392833438
SVN,Transport Services,-1754,990.052529435,-1.9517633122259264
SVN,Communications,-1723,1018.9346101600001,-1.9512010773966582
SVN,Financial Services,-2262,1510.4506998111,-1.9506474248854113
SVN,Real Estate,-4187,2906.1671710551004,-1.9489190261448182
SVN,Business Services,-1143,689.9324690999999,-1.9484410620393435
SVN,Public Services,-6150,3898.91933428,-1.9454514803263139
SVN,Education,-3994,2878.42951271,-1.9453278281062747
SVN,Health,-5269,3257.3194948000005,-1.9449959248632411
SVN,Other Services,-3915,2164.349822,-1.9444185351146432
SVN,Private Households,-33,33.847627198742,-1.9435410761783432
FRA,Agriculture,-79812,40024.818396669994,-1.941975729794235
FRA,Mining,-315,530.65558179146,-1.9419639112328357
FRA,Food,-286049,120970.20373718331,-1.9415178263503419
FRA,Textiles,-52101,25847.478178073892,-1.9395677681101515
FRA,Leather,-12828,6344.861103320165,-1.9384007025104635
FRA,Wood,-5458,2387.591511981,-1.937817616450623
FRA,Paper,-40910,18159.40247768,-1.9377747963107983
FRA,Fuel,-76556,41192.960823124624,-1.9362643738285017
FRA,Chemicals,-124875,55588.22010208841,-1.9361175479502903
FRA,Plastics,-22267,9663.03545016679,-1.9320040447478855
FRA,Minerals,-8730,4145.1097891278005,-1.9316416417768083
FRA,Metals,-16504,7288.63651273843,-1.9314776193049341
FRA,Machinery,-31710,14112.128115688398,-1.9313167253681753
FRA,Electricals,-65843,31483.4442462943,-1.9299940390612518
FRA,Vehicles,-185166,69658.82936527103,-1.9283968889904495
FRA,Manufacturing,-51620,23716.3303293777,-1.9276573335471519
FRA,Utilities,-90419,45241.62266916,-1.927056749820439
FRA,Construction,-33951,16797.1614834937,-1.9269004438742632
FRA,Vehicle Trade,-73943,43072.297348030406,-1.9263785182078268
FRA,Wholesale Trade,-182050,97084.50115737,-1.9234487478376439
FRA,Retail Trade,-127580,77813.97516138,-1.9226709570884173
FRA,Hospitality,-179770,92159.1455773,-1.9224031453329613
FRA,Inland Transport,-83749,50529.77812180001,-1.921916199416238
FRA,Water Transport,-4621,1910.427120078,-1.9214743351525625
FRA,Air Transport,-13557,8692.477449159998,-1.9214207195832578
FRA,Transport Services,-24694,14153.833073959999,-1.9213614179917036
FRA,Communications,-67615,37701.2101403,-1.9213141178719122
FRA,Financial Services,-155342,80433.20805932878,-1.9204050133692947
FRA,Real Estate,-389204,307071.29421112,-1.9190957750948803
FRA,Business Services,-64826,38092.72535670001,-1.9177402346499095
FRA,Public Services,-366101,246777.003672,-1.9177280701112829
FRA,Education,-192758,145568.06814227998,-1.9170385589746677
FRA,Health,-400752,280559.41982000007,-1.9165788361382787
FRA,Other Services,-199016,113391.71809999998,-1.9159315610516474
FRA,Private Households,-13836,13836.9385990955,-1.9131267880399019
EST,Agriculture,-674,356.29620743,-1.9121835148567283
EST,Mining,-35,22.888409705649995,-1.9114873954429537
EST,Food,-3741,1648.5023047254,-1.9096100720210767
EST,Textiles,-865,390.44020336794006,-1.9087176296134658
EST,Leather,-234,106.406394062262,-1.9077222031908663
EST,Wood,-86,42.14583098876,-1.9070617727506969
EST,Paper,-391,176.3970077259,-1.9070373290817766
EST,Fuel,-541,315.8947450239,-1.9053928410726788
EST,Chemicals,-964,447.58234910959993,-1.904499293805515
EST,Plastics,-186,76.02767887296001,-1.9015733420939236
EST,Minerals,-138,67.39764352947,-1.899854753498933
EST,Metals,-166,66.05960397291,-1.8980998705645613
EST,Machinery,-434,192.53796734513003,-1.8973907070272413
EST,Electricals,-689,298.34318034745,-1.8966049605307227
EST,Vehicles,-688,260.1009115766,-1.8960192424421727
EST,Manufacturing,-354,152.35675139958,-1.8954034920139653
EST,Utilities,-960,485.4985853761,-1.8939611304636705
EST,Construction,-283,144.20292981379998,-1.8931434792733044
EST,Vehicle Trade,-451,266.295914413,-1.8916844635019527
EST,Wholesale Trade,-1402,790.4337120843002,-1.8908882042537898
EST,Retail Trade,-950,583.4716476671001,-1.8908699074295348
EST,Hospitality,-1443,767.6161056960001,-1.8902826869750171
EST,Inland Transport,-1255,633.9937533899999,-1.8901057637061638
EST,Water Transport,-84,47.549183890799995,-1.889803917062645
EST,Air Transport,-31,24.945749076700004,-1.8873455426879524
EST,Transport Services,-209,94.64391841199999,-1.8873156013759915
EST,Communications,-468,292.38448673899995,-1.8870788157351532
EST,Financial Services,-611,433.46814118859993,-1.8867988887105767
EST,Real Estate,-2220,1544.7851620999998,-1.8843623682583335
EST,Business Services,-469,320.424116669,-1.8842420854980713
EST,Public Services,-3159,1944.1518019819998,-1.8833539070140792
EST,Education,-1986,1321.5230272400001,-1.8813845496670953
EST,Health,-2018,1177.8418014645001,-1.8798459142433275
EST,Other Services,-1940,1059.6452276,-1.879515641838268
EST,Private Households,0,0.0013335436075,-1.877766510091172
SVK,Agriculture,-5646,3133.2378382599995,-1.8762049672662513
SVK,Mining,-175,125.5152140432,-1.8760490116525026
SVK,Food,-10242,4756.19133145,-1.8751705764538502
SVK,Textiles,-2143,1118.5159447050999,-1.8742911011163539
SVK,Leather,-608,331.55694123989,-1.8742279807094886
SVK,Wood,-546,283.8651149992,-1.8733623797299346
SVK,Paper,-2112,990.8175558299998,-1.8714155008133468
SVK,Fuel,-2512,1098.4810745620998,-1.8710038272621106
SVK,Chemicals,-4546,2289.292022504,-1.8704953014515306
SVK,Plastics,-1593,708.3553545029,-1.8696836013076255
SVK,Minerals,-625,294.63165810600003,-1.8694977210808985
SVK,Metals,-1393,641.0199941679999,-1.8694673364995138
SVK,Machinery,-1473,675.407113805,-1.8688308756271728
SVK,Electricals,-5703,2538.004353778,-1.867394387871851
SVK,Vehicles,-3221,1204.975640258,-1.8635631122539436
SVK,Manufacturing,-2329,1145.5987709362,-1.863039311669808
SVK,Utilities,-11538,4828.8190295,-1.861132007121875
SVK,Construction,-1665,768.21895086,-1.8600681484012451
SVK,Vehicle Trade,-1743,892.8705468349999,-1.8584728669715704
SVK,Wholesale Trade,-6740,3821.6963949469996,-1.858150624974629
SVK,Retail Trade,-5275,3071.82635032,-1.8575613887256683
SVK,Hospitality,-2283,2249.66426836,-1.8573638773549734
SVK,Inland Transport,-3295,1715.78389822,-1.855626868383281
SVK,Water Transport,-45,53.03565803800001,-1.8539010104820988
SVK,Air Transport,-250,171.403293156,-1.8527378066862248
SVK,Transport Services,-2003,877.4880910150001,-1.8518356576687462
SVK,Communications,-2665,1635.9229199,-1.8517834712596666
SVK,Financial Services,-5358,3211.2214956099997,-1.849900835338027
SVK,Real Estate,-5679,3950.7478431,-1.8465675474005143
SVK,Business Services,-1938,1184.45727669,-1.845546766042085
SVK,Public Services,-12674,8024.7738206,-1.8454752239297347
SVK,Education,-4740,3279.9801282999997,-1.843858637417749
SVK,Health,-6225,3541.0760537999995,-1.8433594179689596
SVK,Other Services,-5149,2802.5794499999997,-1.8432863066254617
SVK,Private Households,0,0.024571107615,-1.843061826116737
LTU,Agriculture,-3964,2011.8981741477983,-1.8418997594015047
LTU,Mining,-120,79.422022122534,-1.8403360516449112
LTU,Food,-10472,4740.022298786331,-1.839516894385275
LTU,Textiles,-2094,1032.6862636336011,-1.838927123030844
LTU,Leather,-804,361.14910297955976,-1.8382703949253043
LTU,Wood,-318,161.0757246489586,-1.8382278473498155
LTU,Paper,-493,232.80452790664611,-1.8372360505248122
LTU,Fuel,-7907,3778.3926006135016,-1.8353032486567162
LTU,Chemicals,-1865,889.4177509366052,-1.8347339736851378
LTU,Plastics,-529,233.69977923996103,-1.8337724968939688
LTU,Minerals,-462,225.48380566163,-1.8332734799727792
LTU,Metals,-471,217.184756717238,-1.8327781127349274
LTU,Machinery,-752,353.3692047723208,-1.8323456260361222
LTU,Electricals,-782,357.672678991695,-1.8321533294968695
LTU,Vehicles,-1413,585.7815677960472,-1.8314478040552424
LTU,Manufacturing,-779,381.41823637388296,-1.831438770330109
LTU,Utilities,-1704,888.8710099349217,-1.830801431903698
LTU,Construction,-435,245.19248978620698,-1.8301827787874685
LTU,Vehicle Trade,-1004,625.78289438,-1.828944298137336
LTU,Wholesale Trade,-2240,1574.3994202292001,-1.8287299133905104
LTU,Retail Trade,-1698,1257.0090378809,-1.8284362221382804
LTU,Hospitality,-985,656.2532314829,-1.8267265232054364
LTU,Inland Transport,-1595,1045.1250787965391,-1.8258998075909671
LTU,Water Transport,-40,44.8906632,-1.823539391244192
LTU,Air Transport,-351,166.521087982,-1.821431173473105
LTU,Transport Services,-538,345.93457477939296,-1.8208622285612572
LTU,Communications,-839,567.2171314192299,-1.8201645918161473
LTU,Financial Services,-1028,665.9411049,-1.8193623665054623
LTU,Real Estate,-4615,3023.282471139614,-1.8176404634294632
LTU,Business Services,-738,484.65404366129997,-1.8154727104486714
LTU,Public Services,-6400,4220.440784738054,-1.8148642946531852
LTU,Education,-3403,2473.5586789337463,-1.8147015253896315
LTU,Health,-3332,2088.250759283749,-1.814407366689012
LTU,Other Services,-2103,1188.128214220987,-1.812355533789225
LTU,Private Households,-41,40.96695915317589,-1.812134385257871
ESP,Agriculture,-41014,23694.929389309997,-1.8115596869818869
ESP,Mining,-281,471.5881256024,-1.8112530200036518
ESP,Food,-187983,79550.79637606101,-1.8102620599124974
ESP,Textiles,-39967,19614.1660546812,-1.8098994369293162
ESP,Leather,-15816,7117.03490584509,-1.8088573114221826
ESP,Wood,-2486,1061.8388619505,-1.8076108664054193
ESP,Paper,-24193,11005.350832260001,-1.8070533541061087
ESP,Fuel,-37481,22022.67623045,-1.8056551497926194
ESP,Chemicals,-64581,30394.54008011,-1.8051468124657108
ESP,Plastics,-6536,2786.3228629879995,-1.8040468551396565
ESP,Minerals,-4600,2057.240102675,-1.8031682268950415
ESP,Metals,-9596,4103.563825915,-1.8027998385106259
ESP,Machinery,-19962,8847.35693716,-1.8027309085850274
ESP,Electricals,-27738,12487.702991319999,-1.8022535820775314
ESP,Vehicles,-71885,27172.595233600005,-1.8019698125232102
ESP,Manufacturing,-34018,14354.854396402001,-1.8007744074119882
ESP,Utilities,-42003,21551.9472264,-1.7999965525074533
ESP,Construction,-36123,15081.213774464,-1.799741814847174
ESP,Vehicle Trade,-56404,26688.050828461,-1.7977507274614963
ESP,Wholesale Trade,-65898,38731.05043206,-1.796401934226217
ESP,Retail Trade,-71878,44835.59039982,-1.7940592673973241
ESP,Hospitality,-299305,168392.1881494,-1.7937608304284964
ESP,Inland Transport,-35214,18826.02964716,-1.7934437581281832
ESP,Water Transport,-2027,1005.6876965280001,-1.7933275347998867
ESP,Air Transport,-10744,6146.562001310001,-1.792907562176356
ESP,Transport Services,-33124,16115.77115279,-1.7914125624462467
ESP,Communications,-40526,22559.5392812,-1.7909052395547744
ESP,Financial Services,-66414,45888.17779661899,-1.789172709878853
ESP,Real Estate,-154246,104513.71566619,-1.786036157071729
ESP,Business Services,-27367,17193.926005,-1.7828762580389996
ESP,Public Services,-186167,120451.206984,-1.7828147757060975
ESP,Education,-96675,77822.75893557,-1.7825724725589671
ESP,Health,-199338,122382.95183436999,-1.782432657320402
ESP,Other Services,-139447,79392.20852,-1.782406598735391
ESP,Private Households,0,0.087147429366165,-1.7815511036609168
TWN,Agriculture,-14775,10090.7830264,-1.7800385083922214
TWN,Mining,-3,44.19469083999999,-1.7800077990886758
TWN,Food,-30420,18585.4387554,-1.7796764184172946
TWN,Textiles,-2900,1718.6309266570001,-1.7784285103202926
TWN,Leather,-742,599.4664471696,-1.7778546185072481
TWN,Wood,-70,104.917376825,-1.7774280582092814
TWN,Paper,-3477,2289.6075140000003,-1.7751539890988997
TWN,Fuel,-8775,6994.77781474,-1.7750463490764987
TWN,Chemicals,-9648,6256.7389371,-1.7741506079846374
TWN,Plastics,-1982,1206.2518331400001,-1.774116329498076
TWN,Minerals,-581,354.31867858,-1.77409029089195
TWN,Metals,-2809,1682.0871849999999,-1.7737097729587676
TWN,Machinery,-6715,4772.30361516,-1.771623169329174
TWN,Electricals,-10042,6949.366268899999,-1.7707539652210134
TWN,Vehicles,-9703,6262.75278411,-1.7700109927772918
TWN,Manufacturing,-2045,1359.1333829,-1.7691695339547149
TWN,Utilities,-6693,3647.9402987000003,-1.7691628615699264
TWN,Construction,-432,205.2027807,-1.7669777230544432
TWN,Vehicle Trade,-3728,1861.06053864,-1.766591834528892
TWN,Wholesale Trade,-19838,18696.043671400002,-1.7661552698145337
TWN,Retail Trade,-27697,17566.5589339,-1.764828751067794
TWN,Hospitality,-11771,13255.22523,-1.7646770729302506
TWN,Inland Transport,-6061,4532.351179,-1.7636147154210224
TWN,Water Transport,-391,206.866730692,-1.7634650004351538
TWN,Air Transport,-7229,4321.28750159,-1.7602223182542767
TWN,Transport Services,-2682,2609.0611261,-1.7596138180269283
TWN,Communications,-10057,7105.397887000001,-1.758366223485132
TWN,Financial Services,-29982,23769.148742,-1.758318727879947
TWN,Real Estate,-177,137.00183748999999,-1.7583112601933497
TWN,Business Services,-2646,2171.6101000000003,-1.7579402151839771
TWN,Public Services,-64118,50017.13988999999,-1.757380206072917
TWN,Education,-12655,9548.29014,-1.7567737903790235
TWN,Health,-30777,19784.677315,-1.7566556781986287
TWN,Other Services,-51183,32725.33951,-1.7564318035676179
TWN,Private Households,-3176,3182.8414152275,-1.7560450731538828
CHN,Agriculture,-375472,198632.72439999998,-1.7552321541231017
CHN,Mining,-2570,1613.4634330000001,-1.7551193626371204
CHN,Food,-712413,276958.10853,-1.7543462766544393
CHN,Textiles,-161005,52398.605752,-1.7526887345895306
CHN,Leather,-77388,25686.9257346,-1.752550559365546
CHN,Wood,-5830,1971.232968,-1.7521505897685592
CHN,Paper,-3278,1134.1255899999999,-1.7510918264521456
CHN,Fuel,-9398,4293.15925,-1.7507969807724337
CHN,Chemicals,-57044,21527.028580000002,-1.7494029374848272
CHN,Plastics,-20465,6619.366491000001,-1.7486768203500196
CHN,Minerals,-6106,2293.908597,-1.7479690268657764
CHN,Metals,-14166,5063.68233,-1.7460428009466884
CHN,Machinery,-6367,2221.60457,-1.7459172339680966
CHN,Electricals,-119163,42761.7404,-1.7458955459032095
CHN,Vehicles,-94526,29723.85769,-1.7446863949124591
CHN,Manufacturing,-7299,2959.948627,-1.7435419077706333
CHN,Utilities,-51772,19742.880739999997,-1.7401000487924054
CHN,Construction,-37314,12688.428380000001,-1.7383270297787867
CHN,Vehicle Trade,-69,93.042226,-1.7372612326820114
CHN,Wholesale Trade,-197266,107313.13872999999,-1.7365036339643976
CHN,Retail Trade,-41622,22465.13233,-1.7340263456703728
CHN,Hospitality,-191538,83027.57835000001,-1.7315791935718432
CHN,Inland Transport,-60201,30047.050199999998,-1.7310970920050188
CHN,Water Transport,-6895,3031.9214300000003,-1.7309188529805677
CHN,Air Transport,-3872,1889.48249,-1.730679211756746
CHN,Transport Services,-30674,13622.220319999999,-1.7298857775077363
CHN,Communications,-79333,44237.87538,-1.7286532341560907
CHN,Financial Services,-100507,62446.03115,-1.7261360936297356
CHN,Real Estate,-152910,111251.493436,-1.725757050374923
CHN,Business Services,-98611,46623.17600000001,-1.7249948565566742
CHN,Public Services,-592093,300581.053,-1.7239987166705213
CHN,Education,-424130,211462.1235,-1.7234185110233249
CHN,Health,-480548,182010.11669999998,-1.7216010707458405
CHN,Other Services,-201350,91410.824,-1.7209724793941836
CHN,Private Households,0,1.4483753780000002,-1.7173664326141975
AUS,Agriculture,-17634,9796.685430000001,-1.7172194643914327
AUS,Mining,-3105,2043.7342390000001,-1.71671827491647
AUS,Food,-86566,38736.943799999994,-1.714216616737465
AUS,Textiles,-19950,8660.350893,-1.7138601686056112
AUS,Leather,-2102,897.9806321,-1.7136146631519742
AUS,Wood,-837,408.0431097,-1.713460231027572
AUS,Paper,-15995,8061.337892,-1.713303091714751
AUS,Fuel,-17720,10602.858380000001,-1.7131125611890214
AUS,Chemicals,-27193,13253.402999999998,-1.7126727316608927
AUS,Plastics,-5582,2512.697501,-1.712595757042647
AUS,Minerals,-3384,1549.30479,-1.7116325828059697
AUS,Metals,-7014,3267.2803,-1.7113793691300003
AUS,Machinery,-9372,4411.178653000001,-1.7105787304891091
AUS,Electricals,-12147,6349.291681000001,-1.7103252855556008
AUS,Vehicles,-32035,13475.81345,-1.7090428558899537
AUS,Manufacturing,-17267,7889.101155,-1.7067444451756284
AUS,Utilities,-28008,15124.878494,-1.7066302546647074
AUS,Construction,-11790,4837.49917,-1.7060477053975196
AUS,Vehicle Trade,-33101,16988.453305000003,-1.7034409595691387
AUS,Wholesale Trade,-83000,41944.57505,-1.703302567693496
AUS,Retail Trade,-50697,27023.281207,-1.7029438714267706
AUS,Hospitality,-61302,32802.3262027,-1.7019341997316169
AUS,Inland Transport,-24274,12112.5465,-1.7019275771841165
AUS,Water Transport,-932,497.27141499999993,-1.7018428427655794
AUS,Air Transport,-11134,7528.16103,-1.7017947493378276
AUS,Transport Services,-14837,7102.776132,-1.7014255814103172
AUS,Communications,-24307,13447.031356,-1.7008240708078401
AUS,Financial Services,-71108,45723.763337,-1.7000692598364704
AUS,Real Estate,-127977,82150.00817,-1.6992179585747509
AUS,Business Services,-21243,11302.38,-1.6985556998451752
AUS,Public Services,-120385,62492.910330000006,-1.6982221391797272
AUS,Education,-64635,45979.3605,-1.6981537465024363
AUS,Health,-113179,81741.65560000001,-1.6970741078875706
AUS,Other Services,-94498,50366.565299999995,-1.6964564800243414
AUS,Private Households,0,0.020750605,-1.6958338089099225
LVA,Agriculture,-2911,1423.91894580267,-1.693606266447183
LVA,Mining,-174,112.28837408943,-1.6936046540336376
LVA,Food,-5673,2483.540838707,-1.6928615656207349
LVA,Textiles,-1116,517.11348550142,-1.69248389625772
LVA,Leather,-246,115.60487990789001,-1.6919281476409642
LVA,Wood,-396,178.67177723313,-1.6909819166211684
LVA,Paper,-342,155.1054624242,-1.6908750772517118
LVA,Fuel,-289,204.42269593291599,-1.6907401609716162
LVA,Chemicals,-703,462.8306414074,-1.6894393708077267
LVA,Plastics,-119,49.1787180426,-1.6889874726997631
LVA,Minerals,-78,42.3475814044,-1.6885189901549227
LVA,Metals,-182,75.43685882161998,-1.6884382720668494
LVA,Machinery,-207,90.15843743486,-1.6873896279993885
LVA,Electricals,-163,66.6256683392,-1.6865048111039533
LVA,Vehicles,-538,235.33879384021998,-1.6850177018268813
LVA,Manufacturing,-424,196.9059581903,-1.682338907925107
LVA,Utilities,-2418,1131.6088059923002,-1.6808292560600047
LVA,Construction,-606,258.04116307429996,-1.679264317153358
LVA,Vehicle Trade,-845,511.38599499398,-1.6780702667235285
LVA,Wholesale Trade,-2638,1507.9430492970002,-1.677798036885053
LVA,Retail Trade,-1836,1128.1967837996003,-1.677271557416807
LVA,Hospitality,-1686,949.8343527070001,-1.6767621402018513
LVA,Inland Transport,-1634,901.9851853307099,-1.6767243022766927
LVA,Water Transport,-2,1.184526572921,-1.6762443204493598
LVA,Air Transport,-250,156.98274653619998,-1.6761944874376649
LVA,Transport Services,-123,84.22331509363,-1.6747904223036714
LVA,Communications,-544,329.87106096042004,-1.6745631521186688
LVA,Financial Services,-1767,1306.3117505112,-1.6737589827929529
LVA,Real Estate,-4062,2114.12593277,-1.6731121291741258
LVA,Business Services,-316,204.0341873796,-1.6728810562454175
LVA,Public Services,-5513,3862.3216263514996,-1.6718596985424239
LVA,Education,-2617,1868.91107033178,-1.6712474471435879
LVA,Health,-2209,1392.9180918390502,-1.6711581902604402
LVA,Other Services,-3615,1958.7691119595097,-1.670687220480504
LVA,Private Households,0,0.00175877155802,-1.6706051149159007
IRL,Agriculture,-5164,2615.1592032000003,-1.6699491114665381
IRL,Mining,-535,506.465920207,-1.6697833471015915
IRL,Food,-17518,8673.23132,-1.6685239580405216
IRL,Textiles,-4969,2511.759490174,-1.6676484441075734
IRL,Leather,-781,387.49056359099995,-1.665765064394033
IRL,Wood,-308,143.094480949,-1.6639112887404321
IRL,Paper,-8150,4107.308504155,-1.6632112738748779
IRL,Fuel,-5399,3177.34400861,-1.6614094084357331
IRL,Chemicals,-9961,5194.167074700001,-1.6595071220146196
IRL,Plastics,-2029,937.0374492400001,-1.6589831834799373
IRL,Minerals,-577,298.96465394300003,-1.658797789710192
IRL,Metals,-1284,591.20228196,-1.6587806470398436
IRL,Machinery,-1517,721.8790144200001,-1.6576205734091127
IRL,Electricals,-5286,2280.22182441,-1.6574187165066585
IRL,Vehicles,-7190,3009.630408436,-1.6570695983720996
IRL,Manufacturing,-2540,1333.0584356399997,-1.6569947538469403
IRL,Utilities,-5074,2964.4212496130003,-1.6569340218817097
IRL,Construction,-787,390.2921213,-1.656878293020343
IRL,Vehicle Trade,-2850,1720.3737548700005,-1.6566838802223869
IRL,Wholesale Trade,-8420,6493.050421999999,-1.656616762451924
IRL,Retail Trade,-11653,7033.1055993,-1.6560077115523326
IRL,Hospitality,-10837,8335.56789903,-1.6558063922569697
IRL,Inland Transport,-5800,2967.1266796090003,-1.6523721968763485
IRL,Water Transport,-349,169.61391349450003,-1.6507785696058244
IRL,Air Transport,-2024,1190.0113802120998,-1.6494246541614435
IRL,Transport Services,-4687,2341.997892395,-1.649129203441318
IRL,Communications,-7337,3873.891539793,-1.6482135142959318
IRL,Financial Services,-7781,6185.971403200899,-1.647968840848844
IRL,Real Estate,-40480,22249.553329912997,-1.6471344824076026
IRL,Business Services,-2252,1898.67954341,-1.6462760175274262
IRL,Public Services,-23087,15690.436209266401,-1.6458777067147081
IRL,Education,-17513,12994.55510515399,-1.6455634864670237
IRL,Health,-45903,25946.169794264402,-1.64310631125894
IRL,Other Services,-11282,7397.039446933,-1.643034232316917
IRL,Private Households,-290,290.01330603087604,-1.6417919620349701
DNK,Agriculture,-7780,3629.191313338254,-1.6397667837565575
DNK,Mining,-148,142.59183968989998,-1.6395512468731896
DNK,Food,-24050,10738.590030386367,-1.6383147257378727
DNK,Textiles,-3939,1802.662836813,-1.6381422428073877
DNK,Leather,-956,464.2243487563,-1.6368327390099449
DNK,Wood,-648,294.70766175800003,-1.636765233274973
DNK,Paper,-4813,2306.8275779708,-1.6361924048588707
DNK,Fuel,-9242,5603.16591405539,-1.6350242579272742
DNK,Chemicals,-6110,3094.458824036,-1.6349499070486022
DNK,Plastics,-1467,702.6103932009,-1.6343575890076492
DNK,Minerals,-884,444.96719946999997,-1.6330144850173007
DNK,Metals,-1612,745.7645382000001,-1.6314711768278438
DNK,Machinery,-3078,1449.9557891000002,-1.6303476697871135
DNK,Electricals,-7055,3250.0141095,-1.629692056350502
DNK,Vehicles,-8554,4182.601718567,-1.6293880471262154
DNK,Manufacturing,-3993,1960.19519186896,-1.6292287658530549
DNK,Utilities,-8674,5207.21690315639,-1.6290498577786936
DNK,Construction,-4338,2068.012760146601,-1.6288052952814787
DNK,Vehicle Trade,-7289,4174.9347589,-1.6287875907160598
DNK,Wholesale Trade,-21747,12974.031452187757,-1.6281853690721622
DNK,Retail Trade,-10887,6560.38160703,-1.62747548909974
DNK,Hospitality,-13103,6709.8753143678005,-1.6273948372780878
DNK,Inland Transport,-2951,1792.5305164999997,-1.6273756727231776
DNK,Water Transport,-271,172.1513946995,-1.6268645499501209
DNK,Air Transport,-175,129.0124367896,-1.6248731178190416
DNK,Transport Services,-1189,2372.8241452889997,-1.6239980815608426
DNK,Communications,-4505,2992.1375795960003,-1.6215611835439718
DNK,Financial Services,-17712,12007.076698453999,-1.6197544064132465
DNK,Real Estate,-47476,30592.40206838402,-1.6175877154241256
DNK,Business Services,-5819,3498.65353332,-1.6171691130544805
DNK,Public Services,-38919,24983.878458338,-1.6151404398156106
DNK,Education,-29648,21255.68518364,-1.6136015898139493
DNK,Health,-66399,44771.732238599994,-1.6124118018363969
DNK,Other Services,-19261,11825.360231,-1.612214068735212
DNK,Private Households,-438,440.16825925,-1.6120275325307416
MLT,Agriculture,-575,288.5551658952929,-1.6095018073858804
MLT,Mining,-3,2.2086459595400005,-1.6043902909725936
MLT,Food,-1565,720.932064857141,-1.604299711570615
MLT,Textiles,-366,177.2835441642647,-1.6034916285754632
MLT,Leather,-86,39.68419884003551,-1.6031953741743215
MLT,Wood,-59,35.74071113249799,-1.60314605783107
MLT,Paper,-142,82.9113451595,-1.6022151173801857
MLT,Fuel,-126,136.6628154414,-1.6006321170444486
MLT,Chemicals,-348,179.52944380865003,-1.5999782203671005
MLT,Plastics,-10,9.89652660062,-1.5998509192199915
MLT,Minerals,-106,58.42127955721,-1.5985664625783909
MLT,Metals,-270,136.43646664799127,-1.5980118605995715
MLT,Machinery,-77,44.618099623739994,-1.5969242999568471
MLT,Electricals,-338,137.91273207553,-1.5955938170676616
MLT,Vehicles,-707,309.99584224649703,-1.5952822373949784
MLT,Manufacturing,-324,183.60299738127,-1.5940276306166086
MLT,Utilities,-288,143.0808964621,-1.5930119009985622
MLT,Construction,-135,80.04720716547,-1.5928467589881845
MLT,Vehicle Trade,-159,120.62578127091999,-1.5925316986497646
MLT,Wholesale Trade,-468,300.266636711,-1.5921038870263207
MLT,Retail Trade,-286,205.26747128500003,-1.5916667311492247
MLT,Hospitality,-318,210.52937755699998,-1.5897746914269453
MLT,Inland Transport,-64,59.95181321,-1.587807736865721
MLT,Water Transport,-10,8.871980926325,-1.5876070944814469
MLT,Air Transport,-25,17.56728869921,-1.587502315634446
MLT,Transport Services,-112,109.7845611504,-1.587200502270087
MLT,Communications,-262,184.0967073244,-1.586115915229126
MLT,Financial Services,-246,150.78415328078972,-1.5858793226552814
MLT,Real Estate,-730,474.440821436147,-1.5856803660620638
MLT,Business Services,-40,33.465933309,-1.5853178966273194
MLT,Public Services,-1015,665.1561792449999,-1.585285864890857
MLT,Education,-509,435.23932675000003,-1.5845067865993572
MLT,Health,-937,628.8094494316999,-1.582890741074941
MLT,Other Services,-2214,1146.272666,-1.5805521610820554
MLT,Private Households,-23,22.82688515338233,-1.5797366964333908
FIN,Agriculture,-5716,3214.07352999,-1.5793591549540251
FIN,Mining,-57,42.87886678,-1.5791774366530433
FIN,Food,-24180,10592.81355164,-1.5773601536015618
FIN,Textiles,-4956,2363.4623395020003,-1.5766889863984825
FIN,Leather,-1007,471.7234101410999,-1.5765818201103277
FIN,Wood,-230,105.11009881039999,-1.575452770036043
FIN,Paper,-6227,2617.41277393,-1.5746961326450701
FIN,Fuel,-7260,3246.9146823000005,-1.5741957854773458
FIN,Chemicals,-7932,3669.0548786900004,-1.5707557558508545
FIN,Plastics,-1366,605.65799526,-1.5690343648508487
FIN,Minerals,-726,354.29371622799994,-1.5679988775523035
FIN,Metals,-1584,660.4923815399999,-1.5678997702181283
FIN,Machinery,-4212,1779.14425911,-1.5672944007808132
FIN,Electricals,-8120,3724.0774094,-1.5666751722150343
FIN,Vehicles,-7532,3066.249396563,-1.5640173873325234
FIN,Manufacturing,-4215,1878.7841006579997,-1.5618515535824637
FIN,Utilities,-4538,2517.9586519500003,-1.56162391284222
FIN,Construction,-1182,546.42267397,-1.5596244084947366
FIN,Vehicle Trade,-5586,3055.06964496,-1.5592263640360948
FIN,Wholesale Trade,-14060,7786.6474125,-1.5591703443718674
FIN,Retail Trade,-9467,5468.78626492,-1.5586147203241887
FIN,Hospitality,-11863,7159.609159649998,-1.558154109379756
FIN,Inland Transport,-4447,2589.4299059,-1.5578452498162423
FIN,Water Transport,-1764,1052.3525589199999,-1.5577645426389497
FIN,Air Transport,-1756,940.3476905599999,-1.557559276781
FIN,Transport Services,-9847,4849.390688,-1.5563620636352162
FIN,Communications,-5480,3129.4760887,-1.5557000042361389
FIN,Financial Services,-8594,5676.711397332,-1.5555977744790426
FIN,Real Estate,-40493,25826.26821507,-1.555410761439949
FIN,Business Services,-4646,3359.889047,-1.555207369321467
FIN,Public Services,-31468,17383.118553299995,-1.555165078515287
FIN,Education,-21327,14401.907200000001,-1.5550203763202588
FIN,Health,-45188,29082.079113800002,-1.554800557469892
FIN,Other Services,-20433,11754.40504,-1.5538091284043523
FIN,Private Households,-186,186.80712252109998,-1.5518885994592913
JPN,Agriculture,-71779,37639.01152085,-1.5495816144013352
JPN,Mining,-275,397.12043245859996,-1.549318699696829
JPN,Food,-559495,257673.76766600003,-1.5492017262973772
JPN,Textiles,-84421,33213.947487142905,-1.548760058588077
JPN,Leather,-23963,9708.83056574125,-1.5456303445844366
JPN,Wood,-5326,2408.9888957001,-1.5455801951800223
JPN,Paper,-12264,5300.240921569,-1.5436800528394594
JPN,Fuel,-115989,76412.16712007386,-1.542017350730611
JPN,Chemicals,-81070,32205.81185417,-1.5386534358284505
JPN,Plastics,-17520,6883.183345544,-1.5383223261485783
JPN,Minerals,-5892,2849.658895308,-1.5378713082749798
JPN,Metals,-20389,7981.551388123398,-1.5351244702807656
JPN,Machinery,-82336,34218.482761021995,-1.5348198570337632
JPN,Electricals,-80645,34465.70768947149,-1.5346604580804737
JPN,Vehicles,-132244,45099.47989166,-1.5333048327278016
JPN,Manufacturing,-25203,10274.948683321501,-1.5332144125241403
JPN,Utilities,-142080,71251.292618791,-1.532789208307221
JPN,Construction,-58,27.3374615823,-1.532161781130077
JPN,Vehicle Trade,-68166,29312.612555726195,-1.5315117045389055
JPN,Wholesale Trade,-273697,174245.42229466,-1.5299164283778846
JPN,Retail Trade,-354217,217413.91229029399,-1.5291582268103259
JPN,Hospitality,-402567,197466.92307987998,-1.5285506037973289
JPN,Inland Transport,-143297,86476.150513397,-1.528064486238638
JPN,Water Transport,-8285,4140.78784840509,-1.527588989310887
JPN,Air Transport,-36248,20334.6571081984,-1.5264865403927654
JPN,Transport Services,-17191,9895.460554001002,-1.5261331225891561
JPN,Communications,-130732,74270.16385615151,-1.525957409208914
JPN,Financial Services,-211016,125749.20382327831,-1.5252047905027466
JPN,Real Estate,-721020,577089.4107504118,-1.5227356702211912
JPN,Business Services,-70338,40689.47930689999,-1.5212338963561185
JPN,Public Services,-852636,539924.12772,-1.5202892133535948
JPN,Education,-264518,204737.12634159997,-1.5192777714186936
JPN,Health,-731109,397573.66719079996,-1.5192743712464796
JPN,Other Services,-403139,225103.47900943202,-1.5189141277731317
JPN,Private Households,0,0.20319524799775016,-1.5186008862827307
TUR,Agriculture,-60760,39579.852433,-1.5179388881581544
TUR,Mining,-5262,4840.6121093,-1.517293851055072
TUR,Food,-139401,62423.30459,-1.5164292846244074
TUR,Textiles,-94398,39311.69253,-1.515952902853787
TUR,Leather,-8424,3534.28273,-1.5156427663258323
TUR,Wood,-2114,965.1757364,-1.5139046885559653
TUR,Paper,-8904,4049.4430409999995,-1.5132094901978232
TUR,Fuel,-11908,6867.254370000001,-1.5131670093261322
TUR,Chemicals,-28397,14553.599999999999,-1.5129808999340544
TUR,Plastics,-6945,3060.5918409999995,-1.5109159499220686
TUR,Minerals,-2547,1301.6701992,-1.5104780325202016
TUR,Metals,-2698,1407.7166820000002,-1.5098594974675321
TUR,Machinery,-7814,3684.5980050000007,-1.5087325678851833
TUR,Electricals,-14813,6605.356030000001,-1.508367954355512
TUR,Vehicles,-8809,3763.2682019999997,-1.508160469394278
TUR,Manufacturing,-18307,8128.032435,-1.5077567612633453
TUR,Utilities,-22317,11577.2651143,-1.5069879336795937
TUR,Construction,-1199,619.2336213,-1.5062012860668244
TUR,Vehicle Trade,-15181,8990.7191382,-1.5056125863732066
TUR,Wholesale Trade,-27172,17539.355617,-1.5046352519401427
TUR,Retail Trade,-24719,17807.304758000002,-1.5045526991570017
TUR,Hospitality,-60516,31228.9451217,-1.502811497842576
TUR,Inland Transport,-94444,57699.236915999994,-1.500947594317089
TUR,Water Transport,-4073,2713.61906,-1.500944990052466
TUR,Air Transport,-12999,6414.18048122,-1.4993273402624576
TUR,Transport Services,-12908,6794.203597000001,-1.4976070098688883
TUR,Communications,-26674,15404.435499700001,-1.497566256404721
TUR,Financial Services,-19862,13400.736578479999,-1.4975388712821072
TUR,Real Estate,-103367,81190.8375610444,-1.496960382515793
TUR,Business Services,-10975,6926.445562000001,-1.4958588224368528
TUR,Public Services,-78446,48037.54083,-1.4928366574171972
TUR,Education,-34181,25575.3507077,-1.49233168029845
TUR,Health,-38785,21338.103315999997,-1.4901175560367834
TUR,Other Services,-27464,15930.406289999999,-1.4853916099748958
TUR,Private Households,-1302,1301.7031155400002,-1.4835296423592117
ITA,Agriculture,-59803,33772.619559,-1.4830563098640628
ITA,Mining,-297,476.85417730100005,-1.4826198893676799
ITA,Food,-265079,108948.48121264,-1.4821573339405856
ITA,Textiles,-112766,49919.114713648996,-1.4808455369022235
ITA,Leather,-38209,16617.3548615,-1.4791513752427472
ITA,Wood,-7860,3448.81571048,-1.4789800531139807
ITA,Paper,-44748,19314.525483700003,-1.4767999406478014
ITA,Fuel,-54757,31182.00144012,-1.4758445723301206
ITA,Chemicals,-88660,39108.41352931,-1.4757532045248964
ITA,Plastics,-20672,8596.356429304,-1.4751300791041464
ITA,Minerals,-11015,4931.18481552,-1.4749473552213779
ITA,Metals,-19395,8539.574534,-1.4730756436687138
ITA,Machinery,-33437,13997.573449000001,-1.4714058737490907
ITA,Electricals,-40282,18092.328460800003,-1.467800480579429
ITA,Vehicles,-97916,37543.010016399996,-1.4671811188827295
ITA,Manufacturing,-54679,23246.701524099997,-1.4642074813564936
ITA,Utilities,-84787,43893.75242605001,-1.4636850836183461
ITA,Construction,-27211,12873.986156484,-1.4629531051114522
ITA,Vehicle Trade,-122638,55205.76183129999,-1.4629248029106696
ITA,Wholesale Trade,-133292,66410.203212,-1.460403213329497
ITA,Retail Trade,-142879,72364.28906270002,-1.4599111279928845
ITA,Hospitality,-250105,128588.9583638,-1.4588244994686257
ITA,Inland Transport,-90532,46983.22650129999,-1.4585484059076186
ITA,Water Transport,-12533,5075.08494908,-1.457428170002243
ITA,Air Transport,-15772,8203.171708529999,-1.456901738015616
ITA,Transport Services,-44407,21013.06508096,-1.4565573502698559
ITA,Communications,-51246,29270.0984539,-1.4562249247962933
ITA,Financial Services,-100922,61938.591103573,-1.451223097964213
ITA,Real Estate,-226360,194570.83648774997,-1.450694159943032
ITA,Business Services,-47365,27676.5051948,-1.4475382408140332
ITA,Public Services,-277888,186147.62614469999,-1.4473008776760217
ITA,Education,-125187,104420.9793929,-1.4472839036701446
ITA,Health,-290346,176158.002274376,-1.4469992710522415
ITA,Other Services,-125967,69546.88196999999,-1.4466106442695137
ITA,Private Households,-21541,21542.319866939997,-1.4463460361715605
AUT,Agriculture,-9356,4957.92752374,-1.4459834703819014
AUT,Mining,-179,265.451420554,-1.4454678098263196
AUT,Food,-36509,16399.0131848781,-1.4451307064645915
AUT,Textiles,-9353,4739.9011063114,-1.4450238498638708
AUT,Leather,-2469,1308.18652131059,-1.4439906567766523
AUT,Wood,-1662,738.5463384849,-1.4437048402948998
AUT,Paper,-6189,2873.9723311800003,-1.4425881668177611
AUT,Fuel,-9614,4956.77447216374,-1.441787461254669
AUT,Chemicals,-11948,6248.35425427,-1.4407292332326107
AUT,Plastics,-2278,1074.3908302917,-1.4400838428001406
AUT,Minerals,-1231,621.1058780079999,-1.4383379543147228
AUT,Metals,-2974,1450.60377794,-1.4382980565712205
AUT,Machinery,-6169,2830.35648851,-1.4379940515353447
AUT,Electricals,-8476,4265.275860264001,-1.4374493704827052
AUT,Vehicles,-11285,4577.8965276,-1.4370930369256687
AUT,Manufacturing,-10220,5105.7030409458,-1.4358999117816087
AUT,Utilities,-17022,6579.46106988,-1.4356348910888823
AUT,Construction,-5737,2863.7630081780003,-1.433789745753764
AUT,Vehicle Trade,-11271,6170.053293047,-1.4332736003934028
AUT,Wholesale Trade,-21515,13282.87789483,-1.4331498852405353
AUT,Retail Trade,-16152,10017.29209722,-1.4303198029329394
AUT,Hospitality,-33464,22241.82643702,-1.429534743003092
AUT,Inland Transport,-9788,6101.104381810001,-1.4284032960187631
AUT,Water Transport,-102,106.63140040590001,-1.4273798335142265
AUT,Air Transport,-3752,2031.8780134969002,-1.4260762014608075
AUT,Transport Services,-10025,5925.192517175,-1.4255803037289252
AUT,Communications,-7819,4661.737668790001,-1.4246195218267974
AUT,Financial Services,-16090,9922.5364810687,-1.4244759374836755
AUT,Real Estate,-48261,30951.88813706,-1.4231650517155923
AUT,Business Services,-6230,3893.8030034999997,-1.4230995134225948
AUT,Public Services,-48465,30679.1632488,-1.4227647515735886
AUT,Education,-28573,22259.747975,-1.4192800658142828
AUT,Health,-52464,33077.02765999999,-1.4154027909401434
AUT,Other Services,-25077,15641.886450000002,-1.4152669367757593
AUT,Private Households,-128,128.26797618204998,-1.413737347906023
IND,Agriculture,-217084,159819.74132,-1.411806164323818
IND,Mining,-335,411.78788000000003,-1.4095614923961777
IND,Food,-209356,88546.57677,-1.4094569213616297
IND,Textiles,-99038,41530.95254,-1.4070772820632595
IND,Leather,-8012,3514.091147,-1.4058030768311147
IND,Wood,-1028,557.767507,-1.4057394295425225
IND,Paper,-12987,5476.82301,-1.4049253958200842
IND,Fuel,-41200,22487.2009,-1.4031783119395507
IND,Chemicals,-34513,15823.721800000001,-1.4020186472427603
IND,Plastics,-10028,3964.6635699999997,-1.4015893901152119
IND,Minerals,-1565,731.0593700000001,-1.4002806455287438
IND,Metals,-10990,4986.132769999999,-1.3991513884707938
IND,Machinery,-16966,7375.748,-1.397316244025664
IND,Electricals,-17713,7974.848399999999,-1.3971060220331675
IND,Vehicles,-20683,8617.5455,-1.394826830744528
IND,Manufacturing,-14340,9802.280999999999,-1.3942532890058112
IND,Utilities,-22199,10496.872440000001,-1.3933040545080244
IND,Construction,-21674,10020.022766,-1.3893666608361663
IND,Vehicle Trade,-3629,3094.412903,-1.389034422181827
IND,Wholesale Trade,-28170,24023.66845,-1.388138201481327
IND,Retail Trade,-46493,39081.30484,-1.387562204446586
IND,Hospitality,-64325,33195.291900000004,-1.3859274756094466
IND,Inland Transport,-145103,69956.131126,-1.3845939278969044
IND,Water Transport,-2354,1318.00243275,-1.3830835808856954
IND,Air Transport,-2261,1158.3313197000002,-1.3827837571447044
IND,Transport Services,-4239,2281.300527,-1.3820851714218885
IND,Communications,-10170,6534.469219999999,-1.3770247266360824
IND,Financial Services,-26057,19474.24487,-1.3757506660270131
IND,Real Estate,-83892,72373.5454751,-1.3744534592514484
IND,Business Services,-33183,22984.61505,-1.3723027562750882
IND,Public Services,-72000,72117.81924299999,-1.3703589646267047
IND,Education,-63893,54276.334995000005,-1.3691983627360593
IND,Health,-49306,29513.8567216,-1.3653487610980692
IND,Other Services,-19208,15247.948699999999,-1.3644053995757228
IND,Private Households,-1440,1154.5867730000002,-1.3607590174532511
RUS,Agriculture,-126659,72540.604349061,-1.3600883367539216
RUS,Mining,-1026,654.6313184612,-1.358305289490754
RUS,Food,-226681,106185.17024919401,-1.3582982763904887
RUS,Textiles,-87867,43335.923705081696,-1.357882070003245
RUS,Leather,-31353,12873.644154457372,-1.356458372190883
RUS,Wood,-1300,602.183091236,-1.3526633281133071
RUS,Paper,-9242,4363.020077829,-1.350825609704871
RUS,Fuel,-19663,9295.618997479101,-1.3477183218880555
RUS,Chemicals,-28118,13375.805030396,-1.347503084273411
RUS,Plastics,-8732,3639.0279540487004,-1.3459881120755388
RUS,Minerals,-7586,3480.8718907932002,-1.3459779500054787
RUS,Metals,-14728,6371.216074319,-1.3451011006832203
RUS,Machinery,-30856,14238.352388436999,-1.3380236396298328
RUS,Electricals,-10790,4876.310607747,-1.3372750170116505
RUS,Vehicles,-131081,55008.608657766,-1.3364821616975555
RUS,Manufacturing,-17528,7753.52248368,-1.3339200747223878
RUS,Utilities,-31636,14475.18734136,-1.32932617581644
RUS,Construction,-7087,3331.6789748349997,-1.3277915472440416
RUS,Vehicle Trade,-24116,15739.852212090002,-1.3276469318343607
RUS,Wholesale Trade,-146043,85997.58337301001,-1.3257144295800845
RUS,Retail Trade,-79966,51199.488079760005,-1.3253681878586066
RUS,Hospitality,-37803,20221.2679847,-1.3241777709902423
RUS,Inland Transport,-36084,19301.44101975,-1.3227956033962305
RUS,Water Transport,-2734,1323.5533275179998,-1.3205840286992818
RUS,Air Transport,-15890,6476.126147313,-1.318126177710661
RUS,Transport Services,-32654,16945.01212953,-1.3086954667466513
RUS,Communications,-24902,15398.513240811,-1.3042532948698862
RUS,Financial Services,-98290,64124.9295515,-1.3000913832470957
RUS,Real Estate,-76813,50874.2701747,-1.2989530219209044
RUS,Business Services,-67530,40494.146256429995,-1.2967710787322762
RUS,Public Services,-200871,107818.980921,-1.2919884376937907
RUS,Education,-84513,55749.093419,-1.2919534748059094
RUS,Health,-131669,77368.4835587,-1.2894985628954052
RUS,Other Services,-48083,26533.904102900004,-1.288323820760393
RUS,Private Households,0,0.08236438858599998,-1.2836174080717553
CZE,Agriculture,-7989,3691.7980519999996,-1.2821250599306628
CZE,Mining,-850,583.21913731,-1.2819205604521025
CZE,Food,-33346,13004.197427000001,-1.2778617961133107
CZE,Textiles,-5671,2384.732205,-1.273136268883569
CZE,Leather,-1865,778.6951992800001,-1.2678212747340236
CZE,Wood,-320,136.70735704999998,-1.2674711291391878
CZE,Paper,-3502,1431.6691074999999,-1.2670792050003226
CZE,Fuel,-4940,2050.6328572360003,-1.266371371981082
CZE,Chemicals,-9947,4543.4793905,-1.2613829937889998
CZE,Plastics,-1728,680.4060946,-1.2597104291149668
CZE,Minerals,-1144,500.49852647999995,-1.257846099316554
CZE,Metals,-1926,749.656295,-1.2545073242367415
CZE,Machinery,-3682,1447.8865859999999,-1.2494077807846615
CZE,Electricals,-7023,2662.395048,-1.24719946016565
CZE,Vehicles,-10341,3651.0685727,-1.242696697729347
CZE,Manufacturing,-4986,2015.2511675599999,-1.2422458586958849
CZE,Utilities,-18773,9345.253462699999,-1.237872459403253
CZE,Construction,-1766,659.9563556999999,-1.237767357127954
CZE,Vehicle Trade,-3540,1654.70014609,-1.2276423681434454
CZE,Wholesale Trade,-10858,5693.5754023,-1.2184507706977417
CZE,Retail Trade,-8254,4359.9442358,-1.2131910759682591
CZE,Hospitality,-8773,4716.4938594,-1.1988682803765387
CZE,Inland Transport,-7643,3977.7857718,-1.1952453150094215
CZE,Water Transport,-18,26.221901790999997,-1.194795354868791
CZE,Air Transport,-712,389.341255254,-1.1937915780928539
CZE,Transport Services,-16662,7317.154403580001,-1.1896480987608704
CZE,Communications,-5826,3474.5536414000003,-1.186344905323688
CZE,Financial Services,-11012,5731.015917590001,-1.1860874615815589
CZE,Real Estate,-28365,12114.406804280003,-1.1794300418896353
CZE,Business Services,-4151,2056.4778349999997,-1.1771797046702932
CZE,Public Services,-24408,14730.282001999998,-1.172758812013007
CZE,Education,-14668,9667.2111271,-1.1725936052867896
CZE,Health,-23328,12597.230161,-1.169471526851175
CZE,Other Services,-17939,8365.204200000002,-1.1633809263817985
CZE,Private Households,-25,25.326658196359997,-1.159152829245638
MEX,Agriculture,-45116,25430.498228654003,-1.1586377929696356
MEX,Mining,-515,424.50032002499995,-1.1536957934361185
MEX,Food,-214183,102944.14820481,-1.1516987409653425
MEX,Textiles,-16022,8125.22109045,-1.1413242007913782
MEX,Leather,-7530,3685.438263309,-1.1379070973997822
MEX,Wood,-1673,884.7693883945,-1.1361798786460602
MEX,Paper,-8741,4326.04851,-1.1296696720840345
MEX,Fuel,-60939,30598.061201369997,-1.1271439921977215
MEX,Chemicals,-51440,24146.627932869997,-1.1142905728693289
MEX,Plastics,-6366,2739.2732984,-1.1084456123839188
MEX,Minerals,-7622,4159.6955790969005,-1.103906651110504
MEX,Metals,-13783,6335.556993869999,-1.0999808666661433
MEX,Machinery,-2929,1310.38681305,-1.0995210609856825
MEX,Electricals,-23855,9529.5321753,-1.0976531940695498
MEX,Vehicles,-57760,24287.800756819997,-1.0912716538937446
MEX,Manufacturing,-10811,4902.226404970001,-1.0870526043370445
MEX,Utilities,-34324,15402.635307048999,-1.0846015407786795
MEX,Construction,-329,178.85130656,-1.0819573083943583
MEX,Vehicle Trade,-10588,6444.1749245050005,-1.0675240092542315
MEX,Wholesale Trade,-76013,53362.080748290005,-1.0614872803285758
MEX,Retail Trade,-65543,46906.34656273,-1.0610801059663166
MEX,Hospitality,-43744,29802.415640804,-1.0563395850629747
MEX,Inland Transport,-93796,58627.96268900499,-1.0379275582800624
MEX,Water Transport,-837,466.617391684295,-1.031392170613147
MEX,Air Transport,-11165,5394.7982176450005,-1.0279559850746112
MEX,Transport Services,-8109,5624.268637309,-1.0224162594828965
MEX,Communications,-43518,27418.0860816,-1.0201798761718868
MEX,Financial Services,-29722,21205.925365599996,-1.0148180917965604
MEX,Real Estate,-101067,87754.719533067,-1.0138821490989713
MEX,Business Services,-31268,21744.17896,-1.0104555268283235
MEX,Public Services,-82940,58998.305927,-1.0075838137991429
MEX,Education,-65650,55338.038462000004,-1.0008065242699749
MEX,Health,-58792,40354.12853586,-1.0002280738645053
MEX,Other Services,-31102,21304.0365291,-1.000076885857217
MEX,Private Households,-4846,4779.648210895714,-1.0000480987543638
BRA,Agriculture,-60685,34092.54725236,-0.999954119240051
BRA,Mining,-789,553.266367668,-0.9999387314389467
BRA,Food,-242645,102084.4645217131,-0.9999321671416854
BRA,Textiles,-52744,25702.703784395,-0.9999155761806773
BRA,Leather,-19517,8620.165088858701,-0.9997518545902085
BRA,Wood,-868,444.726055953,-0.9995271795761863
BRA,Paper,-21240,10461.031369379998,-0.999222468582336
BRA,Fuel,-63802,28447.2206858968,-0.9992042921736678
BRA,Chemicals,-91741,41654.69182909,-0.998652076864274
BRA,Plastics,-5769,2564.4149795349995,-0.9983662949845585
BRA,Minerals,-1767,857.6176918499999,-0.9979108099306904
BRA,Metals,-4931,2310.0967289,-0.9978505321707928
BRA,Machinery,-25139,11267.774570100002,-0.9976550916170546
BRA,Electricals,-34033,15276.200455099999,-0.9956793803672619
BRA,Vehicles,-90316,37280.9049522,-0.995074021798631
BRA,Manufacturing,-28698,14169.171176129401,-0.9934804543428777
BRA,Utilities,-50423,28571.044057102998,-0.9921638757486314
BRA,Construction,-1136,630.155057857,-0.9881080899730148
BRA,Vehicle Trade,-14114,9725.589414749,-0.9871021990415244
BRA,Wholesale Trade,-45736,31704.128074813,-0.9860979438601086
BRA,Retail Trade,-69143,47470.15281423001,-0.9749575592473582
BRA,Hospitality,-87630,47812.6617680063,-0.956566261080036
BRA,Inland Transport,-55443,31531.8258976,-0.9538271755667783
BRA,Water Transport,-3100,1777.9899560681001,-0.9503664796972704
BRA,Air Transport,-5010,2847.2156496348503,-0.9453404999251115
BRA,Transport Services,-26217,14909.863286634998,-0.9421163448998462
BRA,Communications,-44774,25236.86534756,-0.9376573847012002
BRA,Financial Services,-100185,65339.25796201103,-0.921977200550415
BRA,Real Estate,-104312,96410.45833388809,-0.8910538884620444
BRA,Business Services,-97790,61034.251230819995,-0.8880271587810659
BRA,Public Services,-327473,210590.80960399998,-0.8484857483574076
BRA,Education,-135396,94466.26238202999,-0.8396229146041916
BRA,Health,-158306,93222.4189512,-0.8318891387719153
BRA,Other Services,-55551,34134.92456010999,-0.8135256433482209
BRA,Private Households,0,0.08704337226,-0.8099784804419785
GRC,Agriculture,-19945,12102.77737395,-0.7565710546880288
GRC,Mining,-34,54.59602993522,-0.7415987661344215
GRC,Food,-47349,22978.88035366079,-0.729740254858914
GRC,Textiles,-15716,8286.38558216268,-0.7215571022138956
GRC,Leather,-5021,2351.7593673785163,-0.6924851443615129
GRC,Wood,-473,246.4702419433,-0.6864490662602528
GRC,Paper,-8236,4148.51302979,-0.6797566570281798
GRC,Fuel,-13788,8252.891283884037,-0.6743230065464524
GRC,Chemicals,-10853,5627.9908259350805,-0.667191671373547
GRC,Plastics,-3115,1519.87586370364,-0.6606589326225487
GRC,Minerals,-1531,810.13695980674,-0.6487763289824593
GRC,Metals,-5641,2622.90388055492,-0.6228319141105637
GRC,Machinery,-2967,1383.4152070928699,-0.6227559044190966
GRC,Electricals,-2144,1039.54586895071,-0.5958589386470547
GRC,Vehicles,-13519,5566.333082234908,-0.5936053643995974
GRC,Manufacturing,-6185,3304.9849150613004,-0.5901550018423019
GRC,Utilities,-5801,4033.239128355,-0.5356025587330248
GRC,Construction,-3116,1620.8879014605998,-0.5010906528242467
GRC,Vehicle Trade,-8208,5757.655306074399,-0.06788145686686742
GRC,Wholesale Trade,-27833,19327.346903553,0.0
GRC,Retail Trade,-17040,12089.762902109998,0.0
GRC,Hospitality,-55430,34385.26878817,0.0
GRC,Inland Transport,-7601,4942.54620598,0.0
GRC,Water Transport,-6,4.519273804,0.0
GRC,Air Transport,-1914,1422.003643887,0.0
GRC,Transport Services,-1321,2466.3810477770003,0.0
GRC,Communications,-3587,3379.2208973899997,0.0
GRC,Financial Services,-9825,7754.0535439515,0.0
GRC,Real Estate,-31834,27475.368223928002,0.0
GRC,Business Services,-4209,2574.2737330000004,0.0
GRC,Public Services,-58694,39744.0427674,0.0
GRC,Education,-24270,21328.630479113,0.0
GRC,Health,-35339,22169.628255646996,0.0
GRC,Other Services,-28915,19169.725739999998,0.0
GRC,Private Households,-2762,2761.86715763,0.0
